{"fall":{"ansiColors":{"Black":{"bright":{"code":8,"hex":"#232A2E","hsl":{"h":201.8181818181818,"l":0.1588235294117647,"s":0.13580246913580243},"name":"Bright Black","rgb":{"b":46,"g":42,"r":35}},"name":"Black","normal":{"code":0,"hex":"#232A2E","hsl":{"h":201.8181818181818,"l":0.1588235294117647,"s":0.13580246913580243},"name":"Black","rgb":{"b":46,"g":42,"r":35}},"order":0},"Blue":{"bright":{"code":12,"hex":"#9BB5CF","hsl":{"h":210.0,"l":0.7098039215686274,"s":0.35135135135135137},"name":"Bright Blue","rgb":{"b":207,"g":181,"r":155}},"name":"Blue","normal":{"code":4,"hex":"#9BB5CF","hsl":{"h":210.0,"l":0.7098039215686274,"s":0.35135135135135137},"name":"Blue","rgb":{"b":207,"g":181,"r":155}},"order":0},"Cyan":{"bright":{"code":14,"hex":"#93C9A1","hsl":{"h":135.55555555555557,"l":0.6823529411764706,"s":0.33333333333333337},"name":"Bright Cyan","rgb":{"b":161,"g":201,"r":147}},"name":"Cyan","normal":{"code":6,"hex":"#93C9A1","hsl":{"h":135.55555555555557,"l":0.6823529411764706,"s":0.33333333333333337},"name":"Cyan","rgb":{"b":161,"g":201,"r":147}},"order":0},"Green":{"bright":{"code":10,"hex":"#B2C98F","hsl":{"h":83.79310344827586,"l":0.6745098039215687,"s":0.3493975903614458},"name":"Bright Green","rgb":{"b":143,"g":201,"r":178}},"name":"Green","normal":{"code":2,"hex":"#B2C98F","hsl":{"h":83.79310344827586,"l":0.6745098039215687,"s":0.3493975903614458},"name":"Green","rgb":{"b":143,"g":201,"r":178}},"order":0},"Magenta":{"bright":{"code":13,"hex":"#E3A8D1","hsl":{"h":318.3050847457627,"l":0.7745098039215685,"s":0.5130434782608693},"name":"Bright Magenta","rgb":{"b":209,"g":168,"r":227}},"name":"Magenta","normal":{"code":5,"hex":"#E3A8D1","hsl":{"h":318.3050847457627,"l":0.7745098039215685,"s":0.5130434782608693},"name":"Magenta","rgb":{"b":209,"g":168,"r":227}},"order":0},"Red":{"bright":{"code":9,"hex":"#E67E80","hsl":{"h":358.84615384615387,"l":0.6980392156862745,"s":0.6753246753246752},"name":"Bright Red","rgb":{"b":128,"g":126,"r":230}},"name":"Red","normal":{"code":1,"hex":"#E67E80","hsl":{"h":358.84615384615387,"l":0.6980392156862745,"s":0.6753246753246752},"name":"Red","rgb":{"b":128,"g":126,"r":230}},"order":0},"White":{"bright":{"code":15,"hex":"#DDDECF","hsl":{"h":63.999999999999986,"l":0.8411764705882353,"s":0.18518518518518523},"name":"Bright White","rgb":{"b":207,"g":222,"r":221}},"name":"White","normal":{"code":7,"hex":"#DDDECF","hsl":{"h":63.999999999999986,"l":0.8411764705882353,"s":0.18518518518518523},"name":"White","rgb":{"b":207,"g":222,"r":221}},"order":0},"Yellow":{"bright":{"code":11,"hex":"#DBBC7F","hsl":{"h":39.7826086956522,"l":0.6784313725490196,"s":0.5609756097560975},"name":"Bright Yellow","rgb":{"b":127,"g":188,"r":219}},"name":"Yellow","normal":{"code":3,"hex":"#DBBC7F","hsl":{"h":39.7826086956522,"l":0.6784313725490196,"s":0.5609756097560975},"name":"Yellow","rgb":{"b":127,"g":188,"r":219}},"order":0}},"colors":{"aqua":{"accent":true,"hex":"#93C9A1","hsl":{"h":135.55555555555557,"l":0.6823529411764706,"s":0.33333333333333337},"name":"aqua","order":0,"rgb":{"b":161,"g":201,"r":147}},"base":{"accent":false,"hex":"#232A2E","hsl":{"h":201.8181818181818,"l":0.1588235294117647,"s":0.13580246913580243},"name":"base","order":0,"rgb":{"b":46,"g":42,"r":35}},"blue":{"accent":true,"hex":"#9BB5CF","hsl":{"h":210.0,"l":0.7098039215686274,"s":0.35135135135135137},"name":"blue","order":0,"rgb":{"b":207,"g":181,"r":155}},"crust":{"accent":false,"hex":"#171C1F","hsl":{"h":202.5,"l":0.10588235294117647,"s":0.14814814814814814},"name":"crust","order":0,"rgb":{"b":31,"g":28,"r":23}},"green":{"accent":true,"hex":"#B2C98F","hsl":{"h":83.79310344827586,"l":0.6745098039215687,"s":0.3493975903614458},"name":"green","order":0,"rgb":{"b":143,"g":201,"r":178}},"mantle":{"accent":false,"hex":"#1C2225","hsl":{"h":200.0,"l":0.12745098039215685,"s":0.13846153846153852},"name":"mantle","order":0,"rgb":{"b":37,"g":34,"r":28}},"orange":{"accent":true,"hex":"#E69875","hsl":{"h":18.584070796460193,"l":0.6803921568627451,"s":0.6932515337423314},"name":"orange","order":0,"rgb":{"b":117,"g":152,"r":230}},"overlay0":{"accent":false,"hex":"#617377","hsl":{"h":190.9090909090909,"l":0.4235294117647059,"s":0.10185185185185189},"name":"overlay0","order":0,"rgb":{"b":119,"g":115,"r":97}},"overlay1":{"accent":false,"hex":"#738A8B","hsl":{"h":182.5,"l":0.4980392156862745,"s":0.0944881889763779},"name":"overlay1","order":0,"rgb":{"b":139,"g":138,"r":115}},"overlay2":{"accent":false,"hex":"#839E9A","hsl":{"h":171.1111111111111,"l":0.5666666666666667,"s":0.12217194570135755},"name":"overlay2","order":0,"rgb":{"b":154,"g":158,"r":131}},"pink":{"accent":true,"hex":"#E3A8D1","hsl":{"h":318.3050847457627,"l":0.7745098039215685,"s":0.5130434782608693},"name":"pink","order":0,"rgb":{"b":209,"g":168,"r":227}},"purple":{"accent":true,"hex":"#D6A0D1","hsl":{"h":305.55555555555554,"l":0.7333333333333334,"s":0.3970588235294119},"name":"purple","order":0,"rgb":{"b":209,"g":160,"r":214}},"red":{"accent":true,"hex":"#E67E80","hsl":{"h":358.84615384615387,"l":0.6980392156862745,"s":0.6753246753246752},"name":"red","order":0,"rgb":{"b":128,"g":126,"r":230}},"skye":{"accent":true,"hex":"#97C9C3","hsl":{"h":172.79999999999998,"l":0.6901960784313725,"s":0.3164556962025316},"name":"skye","order":0,"rgb":{"b":195,"g":201,"r":151}},"subtext0":{"accent":false,"hex":"#94AAA0","hsl":{"h":152.72727272727272,"l":0.6235294117647059,"s":0.11458333333333322},"name":"subtext0","order":0,"rgb":{"b":160,"g":170,"r":148}},"subtext1":{"accent":false,"hex":"#CACCBE","hsl":{"h":68.57142857142865,"l":0.7725490196078432,"s":0.12068965517241387},"name":"subtext1","order":0,"rgb":{"b":190,"g":204,"r":202}},"surface0":{"accent":false,"hex":"#313B40","hsl":{"h":199.99999999999997,"l":0.22156862745098038,"s":0.1327433628318584},"name":"surface0","order":0,"rgb":{"b":64,"g":59,"r":49}},"surface1":{"accent":false,"hex":"#3D494D","hsl":{"h":195.0,"l":0.27058823529411763,"s":0.1159420289855072},"name":"surface1","order":0,"rgb":{"b":77,"g":73,"r":61}},"surface2":{"accent":false,"hex":"#4F5E62","hsl":{"h":192.6315789473684,"l":0.34705882352941175,"s":0.1073446327683616},"name":"surface2","order":0,"rgb":{"b":98,"g":94,"r":79}},"text":{"accent":false,"hex":"#DDDECF","hsl":{"h":63.999999999999986,"l":0.8411764705882353,"s":0.18518518518518523},"name":"text","order":0,"rgb":{"b":207,"g":222,"r":221}},"yellow":{"accent":true,"hex":"#DBBC7F","hsl":{"h":39.7826086956522,"l":0.6784313725490196,"s":0.5609756097560975},"name":"yellow","order":0,"rgb":{"b":127,"g":188,"r":219}}},"dark":true,"emoji":" ","name":"fall","order":0},"spring":{"ansiColors":{"Black":{"bright":{"code":8,"hex":"#2B3538","hsl":{"h":193.8461538461538,"l":0.19411764705882353,"s":0.1313131313131313},"name":"Bright Black","rgb":{"b":56,"g":53,"r":43}},"name":"Black","normal":{"code":0,"hex":"#2B3538","hsl":{"h":193.8461538461538,"l":0.19411764705882353,"s":0.1313131313131313},"name":"Black","rgb":{"b":56,"g":53,"r":43}},"order":0},"Blue":{"bright":{"code":12,"hex":"#9BB5CF","hsl":{"h":210.0,"l":0.7098039215686274,"s":0.35135135135135137},"name":"Bright Blue","rgb":{"b":207,"g":181,"r":155}},"name":"Blue","normal":{"code":4,"hex":"#9BB5CF","hsl":{"h":210.0,"l":0.7098039215686274,"s":0.35135135135135137},"name":"Blue","rgb":{"b":207,"g":181,"r":155}},"order":0},"Cyan":{"bright":{"code":14,"hex":"#93C9A1","hsl":{"h":135.55555555555557,"l":0.6823529411764706,"s":0.33333333333333337},"name":"Bright Cyan","rgb":{"b":161,"g":201,"r":147}},"name":"Cyan","normal":{"code":6,"hex":"#93C9A1","hsl":{"h":135.55555555555557,"l":0.6823529411764706,"s":0.33333333333333337},"name":"Cyan","rgb":{"b":161,"g":201,"r":147}},"order":0},"Green":{"bright":{"code":10,"hex":"#B2C98F","hsl":{"h":83.79310344827586,"l":0.6745098039215687,"s":0.3493975903614458},"name":"Bright Green","rgb":{"b":143,"g":201,"r":178}},"name":"Green","normal":{"code":2,"hex":"#B2C98F","hsl":{"h":83.79310344827586,"l":0.6745098039215687,"s":0.3493975903614458},"name":"Green","rgb":{"b":143,"g":201,